Index;Time
0;0.056532928
1;0.055813659
2;0.056182402
3;0.055309540
4;0.055425004
5;0.056442598
6;0.055455935
7;0.055223850
8;0.055573166
9;0.056234095
10;0.055248839
11;0.055489198
12;0.054422327
13;0.053969775
14;0.053957428
15;0.053998882
16;0.053962629
17;0.053970437
18;0.053936737
19;0.053961524
20;0.053969020
21;0.053989225
22;0.053980472
23;0.053953437
24;0.053961507
25;0.053975722
26;0.053988895
27;0.053947121
28;0.053958992
29;0.053993155
30;0.053971745
31;0.053939138
32;0.053953041
33;0.053978870
34;0.053978762
35;0.053930061
36;0.053934433
37;0.053983335
38;0.053955415
39;0.053934422
40;0.053928950
41;0.053984623
42;0.053946963
43;0.053929460
44;0.053941176
45;0.054006275
46;0.053970178
47;0.053969862
48;0.053944703
49;0.053999021
50;0.053971570
51;0.053995785
52;0.053938594
53;0.054002288
54;0.053965879
55;0.053944521
56;0.053934986
57;0.054006545
58;0.053979563
59;0.053924872
60;0.053964035
61;0.053967104
62;0.053948090
63;0.053930534
64;0.053951885
65;0.053972767
66;0.053938232
67;0.053921041
68;0.053918277
69;0.053949316
70;0.053920510
71;0.053921757
72;0.053922065
73;0.053927374
74;0.053917111
75;0.053925961
76;0.053905489
77;0.053910694
78;0.053925585
79;0.053911623
80;0.053911568
81;0.053917971
82;0.053915572
83;0.053917964
84;0.053937440
85;0.053969623
86;0.053938994
87;0.053929668
88;0.053921279
89;0.053998671
90;0.053923147
91;0.053908143
92;0.053946941
93;0.053955637
94;0.053916831
95;0.053937243
96;0.053915625
97;0.053954320
98;0.053914316
99;0.053954053
100;0.053931392
101;0.053958681
102;0.053960031
103;0.053932007
104;0.053932368
105;0.053941478
106;0.053957413
107;0.053941472
108;0.053918761
109;0.053920319
110;0.053940627
111;0.053915676
112;0.053912392
113;0.053919368
114;0.053911863
115;0.053913423
116;0.053918367
117;0.053960915
118;0.053915130
119;0.053922263
120;0.053920541
121;0.053934287
122;0.053912043
123;0.053917926
124;0.053939588
125;0.053987449
126;0.053929008
127;0.053944370
128;0.053945511
129;0.054001601
130;0.053935087
131;0.053927116
132;0.053925341
133;0.053923255
134;0.053928668
135;0.053918508
136;0.053904546
137;0.053926157
138;0.053933757
139;0.053917765
140;0.053901772
141;0.053929163
142;0.053900358
143;0.053896084
144;0.053915455
145;0.053948524
146;0.053920240
147;0.053908726
148;0.053923513
149;0.053980072
150;0.053917517
151;0.053917149
152;0.053921520
153;0.053965111
154;0.053916930
155;0.053925207
156;0.053923485
157;0.053893534
158;0.053894989
159;0.053920662
160;0.053917377
161;0.053921644
162;0.053895599
163;0.053904398
164;0.053928613
165;0.053910380
166;0.053909023
167;0.053902352
168;0.053884588
169;0.053918075
170;0.053935310
171;0.053886557
172;0.053923168
173;0.053920092
174;0.053923317
175;0.053940761
176;0.053906383
177;0.053932473
178;0.053933719
179;0.053949497
180;0.053916942
181;0.053947615
182;0.053921570
183;0.053912764
184;0.053910001
185;0.053921559
186;0.053945983
187;0.053900511
188;0.053894934
189;0.053890504
190;0.053896646
191;0.053888673
192;0.053909920
193;0.053900906
194;0.053960068
195;0.053936107
196;0.053946885
197;0.053934121
198;0.053944794
199;0.053925207
200;0.053921767
201;0.053909002
202;0.053920717
203;0.053900610
204;0.053902794
205;0.053913780
206;0.053905755
207;0.053913252
208;0.053913300
209;0.053907984
210;0.053902720
211;0.053907665
212;0.053926307
213;0.053988491
214;0.053933852
215;0.053944837
216;0.053928845
217;0.053951185
218;0.053932171
219;0.053946647
220;0.053914559
221;0.053924399
222;0.053911948
223;0.053920955
224;0.053908191
225;0.053917354
226;0.053904278
227;0.053918337
228;0.053918177
229;0.053908122
230;0.053925149
231;0.053932437
232;0.053894674
233;0.053911336
234;0.053920499
235;0.053909610
236;0.053905232
237;0.053961165
238;0.053916214
239;0.053902982
240;0.053938395
241;0.053923600
242;0.053939169
243;0.053922603
244;0.053944527
245;0.053936970
246;0.053948634
247;0.053930974
248;0.053921075
249;0.053916123
250;0.053934505
251;0.053915543
252;0.053916841
253;0.053902776
254;0.053939700
255;0.053915373
256;0.053933651
257;0.053917293
258;0.053938487
259;0.053892286
260;0.053896865
261;0.053926289
262;0.053927171
263;0.053944250
264;0.053910237
265;0.053930545
266;0.053922833
267;0.053906997
268;0.053925014
269;0.053953032
270;0.053948913
271;0.053955628
272;0.053913437
273;0.053940830
274;0.053907493
275;0.053894625
276;0.053912330
277;0.053895711
278;0.053896020
279;0.053933673
280;0.053911377
281;0.053916635
282;0.053906266
283;0.053944648
284;0.053929071
285;0.053927557
286;0.053913647
287;0.053897499
288;0.053895464
289;0.053896606
290;0.053892383
291;0.053900974
292;0.053900137
293;0.053905446
294;0.053896953
295;0.053908511
296;0.053905748
297;0.053917047
298;0.053924543
299;0.053932977
300;0.053912713
301;0.053927710
302;0.053938278
303;0.053918796
304;0.053940927
305;0.053935507
306;0.053951441
307;0.053900761
308;0.053925393
309;0.053910753
310;0.053920073
311;0.053903975
312;0.053927930
313;0.053910062
314;0.053930527
315;0.053908024
316;0.053932969
317;0.053913485
318;0.053931190
319;0.053912749
320;0.053912641
321;0.053896492
322;0.053919406
323;0.053894402
324;0.053923356
325;0.053966686
326;0.053974860
327;0.053940325
328;0.053913290
329;0.053918026
330;0.053921252
331;0.053932602
332;0.053914005
333;0.053911606
334;0.053913634
335;0.053905349
336;0.053935606
337;0.053895862
338;0.053898464
339;0.053892470
340;0.053937518
341;0.053926681
342;0.053910011
343;0.053937507
344;0.053917088
345;0.053922500
346;0.053908539
347;0.053909994
348;0.053907803
349;0.053913111
350;0.053903733
351;0.053914562
352;0.053888413
353;0.053893514
354;0.053912208
355;0.053900381
356;0.053924701
357;0.053937094
358;0.054164328
359;0.053923701
360;0.053910729
361;0.053907860
362;0.053902024
363;0.053917280
364;0.053919933
365;0.053920034
366;0.053927530
367;0.053900131
368;0.053910856
369;0.053922467
370;0.053937724
371;0.053913033
372;0.053941519
373;0.053934380
374;0.053948908
375;0.053939321
376;0.053935359
377;0.053933273
378;0.053917644
379;0.053899098
380;0.053923939
381;0.053904456
382;0.053976119
383;0.053906324
384;0.053929809
385;0.053915275
386;0.053925740
387;0.053903862
388;0.053919015
389;0.053947240
390;0.053924059
391;0.053940723
392;0.053931292
393;0.053935194
394;0.053938940
395;0.053946697
396;0.053916903
397;0.053932471
398;0.053916688
399;0.053936163
400;0.053899336
401;0.053915739
402;0.053901413
403;0.053918753
404;0.053905103
405;0.053922964
406;0.053907857
407;0.053916499
408;0.053909151
409;0.053903262
410;0.053904405
411;0.053898308
412;0.053921273
413;0.053886529
414;0.053902568
415;0.053901367
416;0.053909644
417;0.053900058
418;0.053907502
419;0.053901873
420;0.053937911
421;0.053930512
422;0.053946185
423;0.053889879
424;0.053920605
425;0.053936383
426;0.053941744
427;0.053903876
428;0.053928560
429;0.053909442
430;0.053941053
431;0.053928653
432;0.053924899
433;0.053916094
434;0.053924111
435;0.053899629
436;0.053929729
437;0.053907903
438;0.053925503
439;0.053902323
440;0.053927319
441;0.053908149
442;0.053927000
443;0.053910069
444;0.053917878
445;0.053905114
446;0.053920319
447;0.054033543
448;0.053923801
449;0.053944058
450;0.053929992
451;0.053924416
452;0.053934308
453;0.053931857
454;0.053940811
455;0.053931693
456;0.053923461
457;0.053989446
458;0.053934599
459;0.053948189
460;0.053916624
461;0.053909068
462;0.053911981
463;0.053902394
464;0.053912963
465;0.053911814
466;0.053911602
467;0.053899932
468;0.053900189
469;0.053891331
470;0.053897004
471;0.053888511
472;0.053909654
473;0.053903036
474;0.053911208
475;0.053904591
476;0.053896723
477;0.053932864
478;0.053897549
479;0.053888431
480;0.053930354
481;0.053915664
482;0.053942430
483;0.053921281
484;0.053948204
485;0.053909139
486;0.053924239
487;0.053938298
488;0.053927565
489;0.053940478
490;0.053906517
491;0.053909378
492;0.053893437
493;0.053903277
494;0.053891972
495;0.053901812
496;0.053901026
497;0.053912481
498;0.053905290
499;0.053916120
500;0.053885544
501;0.053917415
502;0.053913454
503;0.053893710
504;0.053960425
505;0.053944744
506;0.053927449
507;0.053899425
508;0.053911348
509;0.053929262
510;0.053907696
511;0.053927380
512;0.053926022
513;0.053946018
514;0.053929869
515;0.053941480
516;0.053907310
517;0.053919337
518;0.053902563
519;0.053918289
520;0.053903337
521;0.053952760
522;0.053903278
523;0.053917077
524;0.053916032
525;0.053941079
526;0.053913837
527;0.053904198
528;0.053903257
529;0.053890337
530;0.053894551
531;0.053888194
532;0.053908139
533;0.053902510
534;0.053906413
535;0.053899847
536;0.053984634
537;0.053973068
538;0.053939888
539;0.053915926
540;0.053938422
541;0.053926335
542;0.053937269
543;0.053923828
544;0.053915960
545;0.053912102
546;0.053923818
547;0.053926731
548;0.053901050
549;0.053903807
550;0.053905835
551;0.053896768
552;0.053919057
553;0.053883220
554;0.053913893
555;0.053904203
556;0.053928418
557;0.053917372
558;0.053906328
559;0.053893511
560;0.053941633
561;0.053971212
562;0.053921052
563;0.053926518
564;0.053938858
565;0.053924427
566;0.053934423
567;0.053903900
568;0.053914677
569;0.053900507
570;0.053888212
571;0.053894979
572;0.053896069
573;0.053905076
574;0.053899500
575;0.053910850
576;0.053932826
577;0.053892406
578;0.053911829
579;0.053890679
580;0.053914322
581;0.053908381
582;0.053923534
583;0.053902489
584;0.053919464
585;0.053925971
586;0.053915343
587;0.053924818
588;0.053899085
589;0.053930384
590;0.053918609
591;0.053914960
592;0.053907665
593;0.053965578
594;0.053910001
595;0.053911977
596;0.053920047
597;0.053897022
598;0.053960508
599;0.053897588
600;0.053932636
601;0.053910810
602;0.053907942
603;0.053888772
604;0.053894028
605;0.053895952
606;0.053892407
607;0.053903289
608;0.053917451
609;0.053939896
610;0.053914163
611;0.053931035
612;0.053926031
613;0.053949829
614;0.053944566
615;0.053948781
616;0.053913569
617;0.053920805
618;0.053919968
619;0.053926318
620;0.053901211
621;0.053916051
622;0.053898808
623;0.053916044
624;0.053906561
625;0.053958485
626;0.053910357
627;0.053930509
628;0.053899881
629;0.053907013
630;0.053905082
631;0.053912057
632;0.053908877
633;0.053934237
634;0.053914651
635;0.053905481
636;0.053934071
637;0.053926411
638;0.053930418
639;0.053920206
640;0.053947286
641;0.053939626
642;0.053924883
643;0.053905192
644;0.053925292
645;0.053932007
646;0.053941692
647;0.053925959
648;0.053917154
649;0.053906317
650;0.053917094
651;0.053910111
652;0.053929326
653;0.053952865
654;0.053910570
655;0.053909785
656;0.053912177
657;0.053894986
658;0.053909045
659;0.053892531
660;0.053921330
661;0.053901118
662;0.053923042
663;0.053900954
664;0.053937721
665;0.053915739
666;0.053887350
667;0.053889066
668;0.053892812
669;0.053914371
670;0.053930304
671;0.053904884
672;0.053929047
673;0.053948418
674;0.053936644
675;0.053951067
676;0.053926377
677;0.053930540
678;0.053925641
679;0.053899700
680;0.053912456
681;0.053936098
682;0.053931824
683;0.053921925
684;0.053903067
685;0.053914157
686;0.053895821
687;0.053907328
688;0.053905553
689;0.053915029
690;0.053903879
691;0.053919136
692;0.053897258
693;0.053914702
694;0.053893344
695;0.053908393
696;0.053931098
697;0.053939375
698;0.053930466
699;0.053938326
700;0.053911031
701;0.053926548
702;0.053911649
703;0.053921177
704;0.053895288
705;0.053906847
706;0.053898458
707;0.053907153
708;0.053896680
709;0.053906052
710;0.053896413
711;0.053904482
712;0.053907447
713;0.053915516
714;0.053951867
715;0.053918582
716;0.053897902
717;0.053893367
718;0.053888207
719;0.053899089
720;0.053902263
721;0.053906739
722;0.053900537
723;0.053907408
724;0.053926676
725;0.053919640
726;0.053919168
727;0.053908644
728;0.053931818
729;0.053957283
730;0.053931706
731;0.053948473
732;0.053911439
733;0.053903883
734;0.053911692
735;0.053898355
736;0.053903455
737;0.053923556
738;0.053904282
739;0.053918914
740;0.053910056
741;0.053957500
742;0.053913122
743;0.053903952
744;0.053899990
745;0.053893060
746;0.053897326
747;0.053894407
748;0.053919559
749;0.053933305
750;0.053910489
751;0.053900538
752;0.053936940
753;0.053925374
754;0.053953496
755;0.053927867
756;0.053920676
757;0.053937026
758;0.053909210
759;0.053909728
760;0.053922692
761;0.053931751
762;0.053945341
763;0.053908827
764;0.053912572
765;0.053908351
766;0.053893555
767;0.053940061
768;0.053934954
769;0.053949899
770;0.053962446
771;0.053920202
772;0.053936917
773;0.053942643
774;0.053932586
775;0.053918208
776;0.053913620
777;0.053926481
778;0.053906529
779;0.053891630
780;0.053927407
781;0.053911674
782;0.053920525
783;0.053900417
784;0.053914268
785;0.053924785
786;0.053914989
787;0.053914101
788;0.053903472
789;0.053941020
790;0.053891799
791;0.053943305
792;0.053914238
793;0.053891994
794;0.053906157
795;0.053890685
796;0.053953545
797;0.053927501
798;0.053934476
799;0.053937129
800;0.054120353
801;0.053921965
802;0.053915607
803;0.053892114
804;0.053887423
805;0.053917107
806;0.053938509
807;0.053893037
808;0.053951731
809;0.053927665
810;0.053924693
811;0.053902345
812;0.053905779
813;0.053947130
814;0.053905303
815;0.053921080
816;0.053922691
817;0.053932271
818;0.053916018
819;0.053913775
820;0.053899553
821;0.053906632
822;0.053923295
823;0.053938812
824;0.053905632
825;0.053925315
826;0.053916302
827;0.053919215
828;0.053888273
829;0.053946759
830;0.053922068
831;0.053933939
832;0.053923207
833;0.053939609
834;0.053920648
835;0.053924342
836;0.053892255
837;0.053957043
838;0.053912196
839;0.053924380
840;0.053896980
841;0.053931872
842;0.053918171
843;0.053924574
844;0.053920247
845;0.053930661
846;0.053911126
847;0.053922581
848;0.053930754
849;0.053930386
850;0.053921476
851;0.053929910
852;0.053899803
853;0.053911725
854;0.053913753
855;0.053921667
856;0.053891767
857;0.053926034
858;0.053891604
859;0.053888892
860;0.053890243
861;0.053943573
862;0.053919819
863;0.053901951
864;0.053930750
865;0.053940642
866;0.053905065
867;0.053897718
868;0.053920423
869;0.053983960
870;0.053908540
871;0.053905673
872;0.053943116
873;0.053952019
874;0.053914881
875;0.053912012
876;0.053896540
877;0.053900078
878;0.053914501
879;0.053906582
880;0.053906994
881;0.053934387
882;0.053909227
883;0.053888078
884;0.053929480
885;0.053926508
886;0.053924473
887;0.053940199
888;0.054175349
889;0.053949775
890;0.053943157
891;0.053934768
892;0.053917525
893;0.053937521
894;0.053917883
895;0.053901368
896;0.053910115
897;0.053932194
898;0.053915472
899;0.053893698
900;0.053911871
901;0.053906764
902;0.053921031
903;0.053884725
904;0.053914825
905;0.053886438
906;0.053895913
907;0.053891378
908;0.053919187
909;0.053957516
910;0.053890221
911;0.053889593
912;0.053913079
913;0.053910055
914;0.053895624
915;0.053888016
916;0.053909731
917;0.053913374
918;0.053924412
919;0.053934044
920;0.053895447
921;0.053922005
922;0.053907366
923;0.053933249
924;0.053893974
925;0.053950376
926;0.053914383
927;0.053911671
928;0.053903439
929;0.053903071
930;0.053911088
931;0.053905356
932;0.053904102
933;0.053977848
934;0.053911647
935;0.053922216
936;0.053903619
937;0.053914344
938;0.053915018
939;0.053897150
940;0.053910532
941;0.053910320
942;0.053889900
943;0.053916355
944;0.053911143
945;0.053943430
946;0.053895146
947;0.053919361
948;0.053910816
949;0.053914354
950;0.053894976
951;0.053911170
952;0.053908511
953;0.053906788
954;0.053903815
955;0.053896104
956;0.053959954
957;0.053961201
958;0.053897187
959;0.053924788
960;0.053913951
961;0.053933582
962;0.053896705
963;0.053921961
964;0.053893415
965;0.053918777
966;0.053898305
967;0.053927624
968;0.053902308
969;0.053937304
970;0.053900530
971;0.053933860
972;0.053897658
973;0.053913019
974;0.053905307
975;0.053932492
976;0.053893843
977;0.053917224
978;0.053920658
979;0.053926070
980;0.053900651
981;0.053922053
982;0.053912727
983;0.053919703
984;0.053897772
985;0.053920998
986;0.053908702
987;0.053905730
988;0.053902081
989;0.053925202
990;0.053906032
991;0.053905040
992;0.053896598
993;0.053893261
994;0.053905601
995;0.053899087
996;0.053903720
997;0.053897101
998;0.053905223
999;0.053906522
1000;0.053917403
1001;0.053888546
1002;0.053894479
1003;0.053889007
1004;0.053912597
1005;0.053907854
1006;0.053892486
1007;0.053888524
1008;0.053917895
1009;0.053909559
1010;0.053896951
1011;0.053911739
1012;0.053910850
1013;0.053907773
1014;0.053902353
1015;0.053920996
1016;0.053917659
1017;0.053914583
1018;0.053942495
1019;0.053906137
1020;0.053953738
1021;0.053901443
1022;0.053904825
1023;0.053904301
1024;0.053899141
1025;0.053907002
1026;0.053918613
1027;0.053907829
1028;0.053915793
1029;0.053911936
1030;0.053923026
1031;0.053918335
1032;0.053913123
1033;0.053917390
1034;0.053922491
1035;0.053895769
1036;0.053916651
1037;0.053918418
1038;0.053915290
1039;0.053895650
1040;0.053916220
1041;0.053914706
1042;0.053893765
1043;0.053916105
1044;0.053919330
1045;0.053899119
1046;0.053895366
1047;0.053893487
1048;0.053914889
1049;0.053918897
1050;0.053891653
1051;0.053895973
1052;0.053953364
1053;0.053922684
1054;0.053893515
1055;0.053896532
1056;0.053919236
1057;0.053917462
1058;0.053897614
1059;0.053891830
1060;0.053914482
1061;0.053898281
1062;0.053898069
1063;0.053897284
1064;0.053917072
1065;0.053892590
1066;0.053922638
1067;0.053935968
1068;0.053893517
1069;0.053919711
1070;0.053904604
1071;0.053911579
1072;0.053899180
1073;0.053906311
1074;0.053908860
1075;0.053917138
1076;0.053908541
1077;0.053919839
1078;0.053907856
1079;0.053906655
1080;0.053923995
1081;0.053930658
1082;0.053889925
1083;0.053919244
1084;0.053933981
1085;0.053903456
1086;0.053895744
1087;0.053912876
1088;0.053945841
1089;0.053928025
1090;0.053896616
1091;0.053922237
1092;0.053929577
1093;0.053910928
1094;0.053905456
1095;0.053927691
1096;0.053893001
1097;0.053927789
1098;0.053898150
1099;0.053914553
1100;0.053897206
1101;0.053908609
1102;0.053900584
1103;0.053914486
1104;0.053899066
1105;0.053926823
1106;0.053901143
1107;0.053921764
1108;0.053941552
1109;0.053938319
1110;0.053900816
1111;0.053924198
1112;0.053924246
1113;0.053926118
1114;0.053904135
1115;0.053928559
1116;0.053946003
1117;0.053921780
1118;0.053905267
1119;0.053911461
1120;0.053926250
1121;0.053953225
1122;0.053903274
1123;0.053997436
1124;0.053923631
1125;0.053901336
1126;0.053925343
1127;0.053881016
1128;0.053915232
1129;0.053910123
1130;0.053896006
1131;0.053889805
1132;0.053900009
1133;0.053891776
1134;0.053910835
1135;0.053894582
1136;0.053895047
1137;0.053890721
1138;0.053916394
1139;0.053896182
1140;0.053902325
1141;0.053900915
1142;0.053911275
1143;0.053892210
1144;0.053925279
1145;0.053893089
1146;0.053912043
1147;0.053893759
1148;0.053895213
1149;0.053901980
1150;0.053916248
1151;0.053901974
1152;0.053899835
1153;0.053903632
1154;0.053904411
1155;0.053897845
1156;0.053919560
1157;0.053909139
1158;0.053910334
1159;0.053899289
1160;0.053910899
1161;0.053906260
1162;0.053918966
1163;0.053902139
1164;0.053905104
1165;0.053902080
1166;0.053914263
1167;0.053900406
1168;0.053896288
1169;0.053896441
1170;0.053903156
1171;0.053879194
1172;0.053903097
1173;0.053911062
1174;0.053927413
1175;0.053900482
1176;0.053910009
1177;0.053909902
1178;0.053885732
1179;0.053885676
1180;0.053901558
1181;0.053884315
1182;0.053888530
1183;0.053889048
1184;0.053907325
1185;0.053881437
1186;0.053887578
1187;0.053887471
1188;0.053885593
1189;0.053886683
1190;0.053888294
1191;0.053884176
1192;0.053906724
1193;0.053883439
1194;0.053904165
1195;0.053889682
1196;0.053900355
1197;0.053894571
1198;0.053903786
1199;0.053894199
1200;0.053904351
1201;0.053900859
1202;0.053918147
1203;0.053878404
1204;0.053912984
1205;0.053931417
1206;0.053903029
1207;0.053911567
1208;0.053907553
1209;0.053912758
1210;0.053904837
1211;0.053887177
1212;0.053888268
1213;0.053899462
1214;0.053913833
1215;0.053901435
1216;0.053907004
1217;0.053902573
1218;0.053913246
1219;0.053881369
1220;0.053917822
1221;0.053908392
1222;0.053927086
1223;0.053886354
1224;0.053899059
1225;0.053894316
1226;0.053902489
1227;0.053896705
1228;0.053908784
1229;0.053898104
1230;0.053896798
1231;0.053898826
1232;0.053892364
1233;0.053894965
1234;0.053902253
1235;0.053900114
1236;0.053896517
1237;0.053908336
1238;0.053893436
1239;0.053892443
1240;0.053891918
1241;0.053901811
1242;0.053884985
1243;0.053887221
1244;0.053884874
1245;0.053905339
1246;0.053924241
1247;0.053891009
1248;0.053909651
1249;0.053900793
1250;0.053909019
1251;0.053891464
1252;0.053914741
1253;0.053897394
1254;0.053914942
1255;0.053897595
1256;0.053905456
1257;0.053903577
1258;0.053923574
1259;0.053913258
1260;0.053926223
1261;0.053920855
1262;0.053915539
1263;0.053903088
1264;0.053918501
1265;0.053910372
1266;0.053933910
1267;0.053911147
1268;0.053893382
1269;0.053931035
1270;0.053882438
1271;0.053909153
1272;0.053885452
1273;0.053911125
1274;0.053882008
1275;0.053890077
1276;0.053899761
1277;0.053900694
1278;0.053921525
1279;0.053877459
1280;0.053905528
1281;0.053908232
1282;0.053900573
1283;0.053884580
1284;0.053913379
1285;0.053893895
1286;0.053896392
1287;0.053896597
1288;0.053900083
1289;0.053906642
1290;0.053908149
1291;0.053904708
1292;0.053905225
1293;0.053910117
1294;0.053924697
1295;0.053906933
1296;0.053903909
1297;0.053901145
1298;0.053916662
1299;0.053898742
1300;0.053924103
1301;0.053917432
1302;0.053912012
1303;0.053916123
1304;0.053912162
1305;0.053914190
1306;0.053924967
1307;0.053902203
1308;0.053929907
1309;0.053916935
1310;0.053880943
1311;0.053893752
1312;0.053889843
1313;0.053906817
1314;0.053883169
1315;0.053889362
1316;0.053908630
1317;0.053898106
1318;0.053894300
1319;0.053912995
1320;0.053896950
1321;0.053908717
1322;0.053885641
1323;0.053891054
1324;0.053888393
1325;0.053900473
1326;0.053893282
1327;0.053906300
1328;0.053898119
1329;0.053912646
1330;0.053911653
1331;0.053924046
1332;0.053909199
1333;0.053923466
1334;0.053925493
1335;0.053910699
1336;0.053928716
1337;0.053907983
1338;0.053912407
1339;0.053886830
1340;0.053906514
1341;0.053896511
1342;0.053919788
1343;0.053878326
1344;0.053908479
1345;0.053884257
1346;0.053907795
1347;0.053892844
1348;0.053901434
1349;0.053909295
1350;0.053898771
1351;0.053886684
1352;0.053897149
1353;0.053898812
1354;0.053911881
1355;0.053894535
1356;0.053900833
1357;0.053906611
1358;0.053906502
1359;0.053896656
1360;0.053900662
1361;0.053904149
1362;0.053920864
1363;0.053911693
1364;0.053916742
1365;0.053917260
1366;0.053938193
1367;0.053897200
1368;0.053910582
1369;0.053927193
1370;0.053912190
1371;0.053900884
1372;0.053909995
1373;0.053910616
1374;0.053895040
1375;0.053894307
1376;0.053908419
1377;0.053910863
1378;0.053903360
1379;0.053893147
1380;0.053896269
1381;0.053904755
1382;0.053915480
1383;0.053884072
1384;0.053896672
1385;0.053901616
1386;0.053906456
1387;0.053906661
1388;0.053910147
1389;0.053916497
1390;0.053901234
1391;0.053919043
1392;0.053908987
1393;0.053895807
1394;0.053902209
1395;0.053917101
1396;0.053887619
1397;0.053913761
1398;0.053881050
1399;0.053912452
1400;0.053885730
1401;0.053965465
1402;0.053876556
1403;0.053883220
1404;0.053903060
1405;0.053893942
1406;0.053895136
1407;0.053912216
1408;0.053892629
1409;0.053929084
1410;0.053879184
1411;0.053907462
1412;0.053878604
1413;0.053906934
1414;0.053889639
1415;0.053914739
1416;0.053890466
1417;0.053927857
1418;0.053912749
1419;0.053910090
1420;0.053909982
1421;0.053920812
1422;0.053909298
1423;0.053910962
1424;0.053920020
1425;0.053926684
1426;0.053970586
1427;0.053892770
1428;0.053925371
1429;0.053903128
1430;0.053897604
1431;0.053891402
1432;0.053898170
1433;0.053888739
1434;0.053893683
1435;0.053907377
1436;0.053902061
1437;0.053914194
1438;0.053891013
1439;0.053896426
1440;0.053888558
1441;0.053907356
1442;0.053892405
1443;0.053906985
1444;0.053892450
1445;0.053917863
1446;0.053919109
1447;0.053891189
1448;0.053918634
1449;0.053937588
1450;0.053910762
1451;0.053877478
1452;0.053908516
1453;0.053887678
1454;0.053917363
1455;0.053893921
1456;0.053898345
1457;0.053907352
1458;0.053905890
1459;0.053891720
1460;0.053901456
1461;0.053899733
1462;0.053917751
1463;0.053883164
1464;0.053901390
1465;0.053885501
1466;0.053895342
1467;0.053900025
1468;0.053892886
1469;0.053901945
1470;0.053889182
1471;0.053887823
1472;0.053890581
1473;0.053904535
1474;0.053909168
1475;0.053907340
1476;0.053916712
1477;0.053920302
1478;0.053923736
1479;0.053889202
1480;0.053903156
1481;0.053907580
1482;0.053894504
1483;0.053890438
1484;0.053891893
1485;0.053898660
1486;0.053908292
1487;0.053920423
1488;0.053934430
1489;0.053945677
1490;0.053924996
1491;0.053934263
1492;0.053925250
1493;0.053946756
1494;0.053897846
1495;0.053926436
1496;0.053903672
1497;0.053922106
1498;0.053914395
1499;0.053907100
1500;0.053898710
1501;0.053927770
1502;0.053890735
1503;0.053901461
1504;0.053892759
1505;0.053912495
1506;0.053890981
1507;0.053908374
1508;0.053899777
1509;0.053916439
1510;0.053896019
1511;0.053903620
1512;0.053908304
1513;0.053904603
1514;0.053938817
1515;0.053921783
1516;0.053932196
1517;0.053928026
1518;0.053923387
1519;0.053932915
1520;0.053915672
1521;0.053922387
1522;0.053903529
1523;0.053901599
1524;0.053883626
1525;0.053907372
1526;0.053950807
1527;0.053893356
1528;0.053908977
1529;0.053896682
1530;0.053904282
1531;0.053886310
1532;0.053894535
1533;0.053904689
1534;0.053883591
1535;0.053900879
1536;0.053902022
1537;0.053915560
1538;0.053915816
1539;0.053914980
1540;0.053914560
1541;0.053943254
1542;0.053913459
1543;0.053907883
1544;0.053920066
1545;0.053922094
1546;0.053915944
1547;0.053892816
1548;0.053885573
1549;0.053925934
1550;0.053883274
1551;0.053925094
1552;0.053890143
1553;0.053946389
1554;0.053888208
1555;0.053901591
1556;0.053896951
1557;0.053963561
1558;0.053893611
1559;0.053901472
1560;0.053916313
1561;0.053922402
1562;0.053928440
1563;0.053894218
1564;0.053887288
1565;0.053899003
1566;0.053893062
1567;0.053897329
1568;0.053892638
1569;0.053912270
1570;0.053942735
1571;0.053909503
1572;0.053915749
1573;0.053915485
1574;0.053897982
1575;0.053915635
1576;0.053924954
1577;0.053938753
1578;0.053910207
1579;0.053929944
1580;0.053908274
1581;0.053929207
1582;0.053899828
1583;0.053890867
1584;0.053913467
1585;0.053923932
1586;0.053918877
1587;0.053882676
1588;0.053883506
1589;0.053921575
1590;0.053903759
1591;0.053913026
1592;0.053895627
1593;0.053935675
1594;0.053921141
1595;0.053917179
1596;0.053926706
1597;0.053931547
1598;0.053894148
1599;0.053911331
1600;0.053913515
1601;0.053898564
1602;0.053910019
1603;0.053892360
1604;0.053906419
1605;0.053913133
1606;0.053913130
1607;0.053903803
1608;0.053932810
1609;0.053915203
1610;0.053913116
1611;0.053924310
1612;0.053911286
1613;0.053897637
1614;0.053912164
1615;0.053900650
1616;0.053902313
1617;0.053913352
1618;0.053901577
1619;0.053892772
1620;0.053909070
1621;0.053915057
1622;0.053899897
1623;0.053910310
1624;0.053912754
1625;0.053924781
1626;0.053911393
1627;0.053904410
1628;0.053893834
1629;0.053937580
1630;0.053922264
1631;0.053897365
1632;0.053898767
1633;0.053917097
1634;0.053921937
1635;0.053928913
1636;0.053915993
1637;0.053892865
1638;0.053913799
1639;0.053881712
1640;0.053897959
1641;0.053920090
1642;0.053898420
1643;0.053889927
1644;0.053911069
1645;0.053892784
1646;0.053920489
1647;0.053878403
1648;0.053906003
1649;0.053895531
1650;0.053892871
1651;0.053889066
1652;0.053905989
1653;0.053925361
1654;0.053918325
1655;0.053910822
1656;0.053939672
1657;0.053917898
1658;0.053928103
1659;0.053910339
1660;0.053926690
1661;0.053916895
1662;0.053884391
1663;0.053877409
1664;0.053898186
1665;0.053887714
1666;0.053894325
1667;0.053881353
1668;0.053876037
1669;0.053901033
1670;0.053897436
1671;0.053903527
1672;0.053903262
1673;0.053894040
1674;0.053894037
1675;0.053901325
1676;0.053899498
1677;0.053895432
1678;0.053895272
1679;0.053904696
1680;0.053904797
1681;0.053927918
1682;0.053908696
1683;0.053883119
1684;0.053904887
1685;0.053900560
1686;0.053904359
1687;0.053892584
1688;0.053891904
1689;0.053880234
1690;0.053900387
1691;0.053894914
1692;0.053915327
1693;0.053908292
1694;0.053933602
1695;0.053904379
1696;0.053933854
1697;0.053896195
1698;0.053904733
1699;0.053895563
1700;0.053885090
1701;0.053904514
1702;0.053896073
1703;0.053913153
1704;0.053905441
1705;0.053934240
1706;0.053917310
1707;0.053893244
1708;0.053920948
1709;0.053914278
1710;0.053877348
1711;0.053902291
1712;0.053887184
1713;0.053919785
1714;0.053882907
1715;0.053901965
1716;0.053895920
1717;0.053922843
1718;0.053899247
1719;0.053914139
1720;0.053898614
1721;0.053935902
1722;0.053891576
1723;0.053919697
1724;0.053898808
1725;0.053933492
1726;0.053919895
1727;0.053923069
1728;0.053904784
1729;0.053932801
1730;0.053893527
1731;0.053886805
1732;0.053904405
1733;0.053889766
1734;0.053917784
1735;0.053882572
1736;0.053906527
1737;0.053898242
1738;0.053899853
1739;0.053895162
1740;0.053908544
1741;0.053904686
1742;0.053933589
1743;0.053916502
1744;0.053941081
1745;0.053903214
1746;0.053922793
1747;0.053914249
1748;0.053902474
1749;0.053905544
1750;0.053909186
1751;0.053891214
1752;0.053882773
1753;0.053919019
1754;0.053908755
1755;0.053888647
1756;0.053885571
1757;0.053902599
1758;0.053905824
1759;0.053892540
1760;0.053893890
1761;0.053910345
1762;0.053916175
1763;0.053879922
1764;0.053890803
1765;0.053889810
1766;0.053918921
1767;0.053883657
1768;0.053892977
1769;0.053893182
1770;0.053897345
1771;0.053892862
1772;0.053904473
1773;0.053909886
1774;0.053929206
1775;0.053905140
1776;0.053924302
1777;0.053919664
1778;0.053893359
1779;0.053899344
1780;0.053882309
1781;0.053909546
1782;0.053877719
1783;0.053911831
1784;0.053882244
1785;0.053918125
1786;0.053916507
1787;0.053916347
1788;0.053909625
1789;0.053925768
1790;0.053908160
1791;0.053878677
1792;0.053882268
1793;0.053895650
1794;0.053877157
1795;0.053889549
1796;0.053887253
1797;0.053907510
1798;0.053880372
1799;0.053890576
1800;0.053884739
1801;0.053898902
1802;0.053887389
1803;0.053897646
1804;0.053896288
1805;0.053912482
1806;0.053913208
1807;0.053897215
1808;0.053930752
1809;0.053913093
1810;0.053896528
1811;0.053885847
1812;0.053936155
1813;0.053914068
1814;0.053888232
1815;0.053898697
1816;0.053889319
1817;0.053909784
1818;0.053886134
1819;0.053895350
1820;0.053891440
1821;0.053908363
1822;0.053911432
1823;0.053907523
1824;0.053923926
1825;0.053913037
1826;0.053902773
1827;0.053900530
1828;0.053919328
1829;0.053916043
1830;0.053892082
1831;0.053899370
1832;0.053878846
1833;0.053908738
1834;0.053896755
1835;0.053904044
1836;0.053881176
1837;0.053907422
1838;0.053905075
1839;0.053893457
1840;0.053877411
1841;0.053889178
1842;0.053913341
1843;0.053882036
1844;0.053891772
1845;0.053894737
1846;0.053915307
1847;0.053889209
1848;0.053918372
1849;0.053896807
1850;0.053920397
1851;0.053908831
1852;0.053908202
1853;0.053930595
1854;0.053901060
1855;0.053883140
1856;0.053905636
1857;0.053903445
1858;0.053888390
1859;0.053917813
1860;0.053895727
1861;0.053908952
1862;0.053905772
1863;0.053907070
1864;0.053910347
1865;0.053908313
1866;0.053902372
1867;0.053902733
1868;0.053884813
1869;0.053911424
1870;0.053906420
1871;0.053935739
1872;0.053914643
1873;0.053946149
1874;0.053903385
1875;0.053925048
1876;0.053904524
1877;0.053900146
1878;0.053903163
1879;0.053886024
1880;0.053879406
1881;0.053902527
1882;0.053914815
1883;0.053881270
1884;0.053898558
1885;0.053895430
1886;0.053919332
1887;0.053890319
1888;0.053897815
1889;0.053901197
1890;0.053901402
1891;0.053889211
1892;0.053897072
1893;0.053898058
1894;0.053918471
1895;0.053910551
1896;0.053925339
1897;0.053910180
1898;0.053910644
1899;0.053921474
1900;0.053918762
1901;0.053893550
1902;0.053898391
1903;0.053909169
1904;0.053883800
1905;0.053921453
1906;0.053888481
1907;0.053918061
1908;0.053890453
1909;0.053887117
1910;0.053895446
1911;0.053914870
1912;0.053899658
1913;0.053903091
1914;0.053907828
1915;0.053885012
1916;0.053880321
1917;0.053892817
1918;0.053882397
1919;0.053886039
1920;0.053911869
1921;0.053935928
1922;0.053910196
1923;0.053935140
1924;0.053917949
1925;0.053928102
1926;0.053876588
1927;0.053894501
1928;0.053885486
1929;0.053904285
1930;0.053879855
1931;0.053891310
1932;0.053883911
1933;0.053897917
1934;0.053876925
1935;0.053893066
1936;0.053876136
1937;0.053907851
1938;0.053903004
1939;0.053900240
1940;0.053892007
1941;0.053910180
1942;0.053889605
1943;0.053886841
1944;0.053894858
1945;0.053907979
1946;0.053923444
1947;0.053915993
1948;0.053930885
1949;0.053896507
1950;0.053920617
1951;0.053902072
1952;0.053909881
1953;0.053899358
1954;0.053873520
1955;0.053897684
1956;0.053880701
1957;0.053897416
1958;0.053899808
1959;0.053883503
1960;0.053874332
1961;0.053891413
1962;0.053906149
1963;0.053903072
1964;0.053901662
1965;0.053893377
1966;0.053892124
1967;0.053888527
1968;0.053882169
1969;0.053904509
1970;0.053900026
1971;0.053912315
1972;0.053907676
1973;0.053895224
1974;0.053899492
1975;0.053886050
1976;0.053914381
1977;0.053904898
1978;0.053882186
1979;0.053898901
1980;0.053887388
1981;0.053909259
1982;0.053886495
1983;0.053894095
1984;0.053915186
1985;0.053883203
1986;0.053916376
1987;0.053906269
1988;0.053917620
1989;0.053910584
1990;0.053905738
1991;0.053894900
1992;0.053915626
1993;0.053908852
1994;0.053936713
1995;0.053901761
1996;0.053908321
1997;0.053911650
1998;0.053901178
1999;0.053902112
2000;0.053904036
2001;0.053899814
2002;0.053894445
2003;0.053899025
2004;0.053904074
2005;0.053910372
2006;0.053902816
2007;0.053892709
2008;0.053906091
2009;0.053913431
2010;0.053903167
2011;0.053913684
2012;0.053913680
2013;0.053923104
2014;0.053905965
2015;0.053901847
2016;0.053893094
2017;0.053914080
2018;0.053909597
2019;0.053902562
2020;0.053936569
2021;0.053923493
2022;0.053912448
2023;0.053909840
2024;0.053915565
2025;0.053892802
2026;0.053900924
2027;0.053874253
2028;0.053915917
2029;0.053883777
2030;0.053908982
2031;0.053873250
2032;0.053916527
2033;0.053894857
2034;0.053893760
2035;0.053911048
2036;0.053899117
2037;0.053921197
2038;0.053918954
2039;0.053905513
2040;0.053907072
2041;0.053921651
2042;0.053904878
2043;0.053876697
2044;0.053878568
2045;0.053895908
2046;0.053897936
2047;0.053883037
2048;0.053878346
2049;0.053898186
2050;0.053874902
2051;0.053883752
2052;0.053888540
2053;0.053911974
2054;0.053901345
2055;0.053924519
2056;0.053917797
2057;0.053944668
2058;0.053900133
2059;0.053925234
2060;0.053903303
2061;0.053935383
2062;0.053881787
2063;0.053897095
2064;0.053907196
2065;0.053882609
2066;0.053909064
2067;0.053895988
2068;0.053890724
2069;0.053884991
2070;0.053890717
2071;0.053907432
2072;0.053911282
2073;0.053891487
2074;0.053923671
2075;0.053908355
2076;0.053925070
2077;0.053889182
2078;0.053920063
2079;0.053896310
2080;0.053889640
2081;0.053916667
2082;0.053882550
2083;0.053913431
2084;0.053899521
2085;0.053906966
2086;0.053899098
2087;0.053894615
2088;0.053916643
2089;0.053897212
2090;0.053915542
2091;0.053912205
2092;0.053931316
2093;0.053887251
2094;0.053915372
2095;0.053909900
2096;0.053919375
2097;0.053914892
2098;0.053903691
2099;0.053888427
2100;0.053879465
2101;0.053892274
2102;0.053895916
2103;0.053884195
2104;0.053879660
2105;0.053903249
2106;0.053879340
2107;0.053887201
2108;0.053878239
2109;0.053895996
2110;0.053914638
2111;0.053884166
2112;0.053876715
2113;0.053896034
2114;0.053903530
2115;0.053880819
2116;0.053877066
2117;0.053893885
2118;0.053895235
2119;0.053910232
2120;0.054093191
2121;0.053976208
2122;0.053895528
2123;0.053913076
2124;0.053900885
2125;0.053929423
2126;0.053877598
2127;0.053885980
2128;0.053908319
2129;0.053911492
2130;0.053883937
2131;0.053887162
2132;0.053884034
2133;0.053898510
2134;0.053898193
2135;0.053901003
2136;0.053886937
2137;0.053906464
2138;0.053902190
2139;0.053904738
2140;0.053906558
2141;0.053909731
2142;0.053881499
2143;0.053893162
2144;0.053903835
2145;0.053886697
2146;0.053906641
2147;0.053896064
2148;0.053929655
2149;0.053884130
2150;0.053901522
2151;0.053893445
2152;0.053904848
2153;0.053895053
2154;0.053915674
2155;0.053881036
2156;0.053914574
2157;0.053901185
2158;0.053923890
2159;0.053882949
2160;0.053919664
2161;0.053891900
2162;0.053906949
2163;0.053892362
2164;0.053894806
2165;0.053913188
2166;0.053908080
2167;0.053912139
2168;0.053907396
2169;0.053922027
2170;0.053898743
2171;0.053905563
2172;0.053901288
2173;0.053914930
2174;0.053905656
2175;0.053893986
2176;0.053902472
2177;0.053896271
2178;0.053903246
2179;0.053880222
2180;0.053908916
2181;0.053902871
2182;0.053900524
2183;0.053887552
2184;0.053915204
2185;0.053906554
2186;0.053893947
2187;0.053895766
2188;0.053883054
2189;0.053895863
2190;0.053889818
2191;0.053892783
2192;0.053880488
2193;0.053900484
2194;0.053899231
2195;0.053900269
2196;0.053886359
2197;0.053898492
2198;0.053895467
2199;0.053876192
2200;0.053899626
2201;0.053935716
2202;0.053880244
2203;0.053883158
2204;0.053900914
2205;0.053884192
2206;0.053883511
2207;0.053896008
2208;0.053879390
2209;0.053891470
2210;0.053891414
2211;0.053914431
2212;0.053902917
2213;0.053890831
2214;0.053917598
2215;0.053902958
2216;0.053909205
2217;0.053902952
2218;0.053927792
2219;0.053910601
2220;0.053923305
2221;0.053931114
2222;0.053896476
2223;0.053901159
2224;0.053924801
2225;0.053905787
2226;0.053902451
2227;0.053906301
2228;0.053901611
2229;0.053925617
2230;0.053929208
2231;0.053903891
2232;0.053926440
2233;0.053915551
2234;0.053900183
2235;0.053915649
2236;0.053894135
2237;0.053926214
2238;0.053882461
2239;0.053911416
2240;0.053884277
2241;0.053916460
2242;0.053902655
2243;0.053896714
2244;0.053900357
2245;0.053925197
2246;0.053902641
2247;0.053903940
2248;0.053901019
2249;0.053930651
2250;0.053883617
2251;0.053899394
2252;0.053902359
2253;0.053925429
2254;0.053879332
2255;0.053884797
2256;0.053939532
2257;0.053887758
2258;0.053884890
2259;0.053890199
2260;0.053883841
2261;0.053897587
2262;0.053904459
2263;0.053922372
2264;0.053891744
2265;0.053915230
2266;0.053902050
2267;0.053919910
2268;0.053889699
2269;0.053919382
2270;0.053900681
2271;0.053926355
2272;0.053895986
2273;0.053917024
2274;0.053882229
2275;0.053909725
2276;0.053905556
2277;0.053901959
2278;0.053887007
2279;0.053903461
2280;0.053909499
2281;0.053905070
2282;0.053892410
2283;0.053904750
2284;0.053905319
2285;0.053930471
2286;0.053880260
2287;0.053900309
2288;0.053900878
2289;0.053932749
2290;0.053880714
2291;0.053905294
2292;0.053903260
2293;0.053919506
2294;0.053885856
2295;0.053900384
2296;0.053905068
2297;0.053907408
2298;0.053885426
2299;0.053903443
2300;0.053899585
2301;0.053919634
2302;0.053887807
2303;0.053907908
2304;0.053901290
2305;0.053904672
2306;0.053891074
2307;0.053890134
2308;0.053874714
2309;0.053885908
2310;0.053890227
2311;0.053897984
2312;0.053882148
2313;0.053897821
2314;0.053892609
2315;0.053889741
2316;0.053881508
2317;0.053911452
2318;0.053904053
2319;0.053924987
2320;0.053893004
2321;0.053919407
2322;0.053899403
2323;0.053919348
2324;0.053893876
2325;0.053916424
2326;0.053899754
2327;0.053911521
2328;0.053888809
2329;0.053919430
2330;0.053900626
2331;0.053920466
2332;0.053891034
2333;0.053916187
2334;0.053895871
2335;0.053923420
2336;0.053891855
2337;0.053907580
2338;0.053907888
2339;0.053894448
2340;0.053897622
2341;0.053887462
2342;0.053889489
2343;0.053893808
2344;0.053900732
2345;0.053893020
2346;0.053909371
2347;0.053940409
2348;0.053916707
2349;0.053880298
2350;0.053897846
2351;0.053886958
2352;0.053901641
2353;0.053893721
2354;0.053914082
2355;0.053896631
2356;0.053902461
2357;0.053895634
2358;0.053919537
2359;0.053899377
2360;0.053916092
2361;0.053900880
2362;0.053901658
2363;0.053880196
2364;0.053921755
2365;0.053888574
2366;0.053887425
2367;0.053898568
2368;0.053903616
2369;0.053894446
2370;0.053891370
2371;0.053911730
2372;0.053901362
2373;0.053905525
2374;0.053904376
2375;0.053941924
2376;0.053903848
2377;0.053890720
2378;0.053890404
2379;0.053893108
2380;0.053890344
2381;0.053902528
2382;0.053896326
2383;0.053920646
2384;0.053908611
2385;0.053902358
2386;0.053897354
2387;0.053890215
2388;0.053885316
2389;0.053897031
2390;0.053881715
2391;0.053899576
2392;0.053874989
2393;0.053895662
2394;0.053885295
2395;0.053900760
2396;0.053897995
2397;0.053907054
2398;0.053952050
2399;0.053909963
2400;0.053907408
2401;0.053900894
2402;0.053902036
2403;0.053910990
2404;0.053884789
2405;0.053906348
2406;0.053895511
2407;0.053911602
2408;0.053886807
2409;0.053897688
2410;0.053894247
2411;0.053898775
2412;0.053886844
2413;0.053902205
2414;0.053897358
2415;0.053905792
2416;0.053894486
2417;0.053907764
2418;0.053881355
2419;0.053890726
2420;0.053901399
2421;0.053890823
2422;0.053886861
2423;0.053893680
2424;0.053905396
2425;0.053890184
2426;0.053886951
2427;0.053898823
2428;0.053881059
2429;0.053895170
2430;0.053889645
2431;0.053900163
2432;0.053883753
2433;0.053899895
2434;0.053898954
2435;0.053886503
2436;0.053891395
2437;0.053910141
2438;0.053906024
2439;0.053931540
2440;0.053905339
2441;0.053901793
2442;0.053898510
2443;0.053894443
2444;0.053945533
2445;0.053904331
2446;0.053901047
2447;0.053909845
2448;0.053959894
2449;0.053918119
2450;0.053940459
2451;0.053921184
2452;0.053941285
2453;0.053925760
2454;0.053928517
2455;0.053925284
2456;0.053907364
2457;0.053925902
2458;0.053919961
2459;0.053903290
2460;0.053926828
2461;0.053908231
2462;0.053909998
2463;0.053934266
2464;0.053936657
2465;0.053945351
2466;0.053930920
2467;0.053918156
2468;0.053909142
2469;0.053943149
2470;0.053941114
2471;0.053902829
2472;0.053912200
2473;0.053988498
2474;0.053933338
2475;0.053908178
2476;0.053916924
2477;0.053957337
2478;0.053919625
2479;0.053908059
2480;0.053937222
2481;0.053931541
2482;0.053946901
2483;0.053908408
2484;0.053930383
2485;0.053935119
2486;0.053935480
2487;0.053901883
2488;0.053925681
2489;0.053907449
2490;0.053911456
2491;0.053935358
2492;0.053914417
2493;0.053924933
2494;0.053919409
2495;0.053914665
2496;0.053904974
2497;0.053919137
2498;0.053932311
2499;0.053913453
2500;0.053941261
2501;0.053929904
2502;0.053899640
2503;0.053915469
2504;0.053921663
2505;0.053903691
2506;0.053923688
2507;0.053908580
2508;0.053982221
2509;0.053937843
2510;0.053945651
2511;0.053929398
2512;0.053907832
2513;0.053955171
2514;0.053936105
2515;0.053927352
2516;0.053950525
2517;0.053924115
2518;0.053906403
2519;0.053948743
2520;0.053929834
2521;0.053943319
2522;0.053935087
2523;0.053906333
2524;0.053923882
2525;0.053956792
2526;0.053931111
2527;0.053905847
2528;0.053930114
2529;0.053924382
2530;0.053935053
2531;0.053934269
2532;0.053912077
2533;0.053935771
2534;0.053943215
2535;0.053911024
2536;0.053919093
2537;0.053948412
2538;0.053925544
2539;0.053928197
2540;0.053906683
2541;0.053920793
2542;0.053914695
2543;0.053921306
2544;0.053907033
2545;0.053942497
2546;0.053926504
2547;0.053911188
2548;0.053906913
2549;0.053923524
2550;0.053923312
2551;0.053895184
2552;0.053904034
2553;0.053972988
2554;0.053933922
2555;0.053911263
2556;0.053922352
2557;0.053952036
2558;0.053920939
2559;0.053912810
2560;0.053924941
2561;0.053940928
2562;0.053907591
2563;0.053905452
2564;0.053902845
2565;0.053932632
2566;0.053902732
2567;0.053919552
2568;0.053896840
2569;0.053959700
2570;0.053916781
2571;0.053929902
2572;0.053906773
2573;0.053920467
2574;0.053902755
2575;0.053936241
2576;0.053912487
2577;0.053941858
2578;0.053924251
2579;0.053925861
2580;0.053918879
2581;0.053945958
2582;0.053914861
2583;0.053897618
2584;0.053922874
2585;0.053935266
2586;0.053903388
2587;0.053907343
2588;0.053928901
2589;0.053960200
2590;0.053903061
2591;0.053904099
2592;0.053932324
2593;0.053914665
2594;0.053923827
2595;0.053922313
2596;0.053900019
2597;0.053915223
2598;0.053951573
2599;0.053916934
2600;0.053915628
2601;0.053904531
2602;0.053902965
2603;0.053907024
2604;0.053909677
2605;0.053923006
2606;0.053931179
2607;0.053895759
2608;0.053926172
2609;0.053912783
2610;0.053914185
2611;0.053911213
2612;0.053906834
2613;0.053928289
2614;0.053905004
2615;0.053905781
2616;0.053964058
2617;0.053939003
2618;0.053923322
2619;0.053928110
2620;0.053945033
2621;0.053917321
2622;0.053920182
2623;0.053900803
2624;0.053930955
2625;0.053941107
2626;0.053908707
2627;0.053931307
2628;0.053911044
2629;0.053923435
2630;0.053896973
2631;0.053936969
2632;0.053928216
2633;0.053945608
2634;0.053948312
2635;0.053892476
2636;0.053898825
2637;0.053947207
2638;0.053914911
2639;0.053914179
2640;0.053927300
2641;0.053936775
2642;0.053903907
2643;0.053922861
2644;0.053921972
2645;0.053933375
2646;0.053948371
2647;0.053910660
2648;0.053939301
2649;0.053921224
2650;0.053919659
2651;0.053901061
2652;0.053932099
2653;0.053936366
2654;0.053912560
2655;0.053900526
2656;0.053934584
2657;0.053930935
2658;0.053934525
2659;0.053899365
2660;0.053910039
2661;0.053926180
2662;0.053910552
2663;0.053938049
2664;0.053922003
2665;0.053924030
2666;0.053909288
2667;0.053917305
2668;0.053908759
2669;0.053923443
2670;0.053939325
2671;0.053918332
2672;0.053913328
2673;0.053940773
2674;0.053916707
2675;0.053966234
2676;0.053917220
2677;0.053917008
2678;0.053892838
2679;0.053930438
2680;0.053919966
2681;0.053923920
2682;0.053909594
2683;0.053927403
2684;0.053938492
2685;0.053916041
2686;0.053933069
2687;0.053902544
2688;0.053896290
2689;0.053923995
2690;0.053914148
2691;0.053908415
2692;0.053925494
2693;0.053951272
2694;0.053912727
2695;0.053910171
2696;0.053933345
2697;0.053913862
2698;0.053893807
2699;0.053914063
2700;0.053923382
2701;0.053930097
2702;0.053914989
2703;0.053911184
2704;0.053913263
